Author_Name;Author_ID;Author_NPI;ArticleID_1;ArticleID_2;ArticleID_3;ArticleID_4;ArticleID_5;ArticleID_6;ArticleID_7;ArticleID_8;ArticleID_9;ArticleID_10;ArticleID_11;ArticleID_12;ArticleID_13;ArticleID_14;ArticleID_15;ArticleID_16;ArticleID_17;ArticleID_18;ArticleID_19;ArticleID_20;ArticleID_21;ArticleID_22;ArticleID_23;ArticleID_24;ArticleID_25;ArticleID_26
Jonathan Isaacs;207851;1578656476;1;;;;;;;;;;;;1;;;;;;;;;;;;;
Jason A Nydick;109070;1417108374;1;;1;;1;1;;;;;;;;;;;;;;;;;;;;
Kenneth R Means;1057592;1386744308;1;;;;;;;;;;;;;;1;;;;;;;;;;;
Gregory A Merrell;695989;1679502165;1;;;;;;;;;;;;;;1;;;;;;;;;;;
Asif Ilyas;62517;1376599860;1;;;;;;;;;;;;;;;;;;;;;;;;;
Lawrence Scott Levin;361736;1972666741;1;;;;;;;;;;;;;;;;;;;;;;;;;
Arash Momeni;1395316;1457515645;;1;;;;;;;;;;;;;;;;;;;;;;;;
Shannon Meyer;;;;1;;;;;;;;;;;;;;;;;;;;;;;;
Kerry Shefren;10735996;1598952210;;1;;;;;;;;;;;;;;;;;;;;;;;;
Michael Januszyk;8803269;1558758797;;1;;;;;;;;;;;;;;;;;;;;;;;;
Sonu A Jain;995506;1194997015;;;1;;1;;;;;;;;;;;;;;;;;;;;;
Fraser Leversedge;946984;1508805912;;;1;;1;1;;1;;;;;;1;;;;;;;;;;;;
Dominic Power;;;;;1;;;;;;;;;;;;;;;;;;;;;;;
Joseph Styron;1393401;1760771372;;;1;;1;;;;;;;;;;;;;;;;;;;;;
Bauback Safa;49737;1093833980;;;1;;1;1;;;;1;;;1;1;;;1;1;;;;;;;;1
Gregory Buncke ;154057;1396736633;;;1;;1;1;;;;1;;;;1;;;1;1;;;;;;;1;1
Hailey P Huddleston;;;;;;1;;;;;;;;;;;;;;;;;;;;;;
Joey S Kurtzman;;;;;;1;;;;;;;;;;;;;;;;;;;;;;
Katherine M Connors;;;;;;1;;;;;;;;;;;;;;;;;;;;;;
 Steven M Koehler ;842075;1821387085;;;;1;;;;;;;;;;;;;;;;;;;;;;
Mihir J. Desai;1333714;1962644658;;;;;1;;;;;;;;;;;;;;;;;;;;;
Jeffrey A. Greenberg ;336611;1407865314;;;;;1;;;;;;;;;1;;;;1;;;;;;;;
Timothy R. Niacaris;1152009;1700033743;;;;;1;;;;;1;;;;;;;;;;;;;;;;
David M Megee;118756;1619199098;;;;;1;;;;;;;;;;;;;;;;;;;;;
Jozef Zoldos;171256;1760482897;;;;;1;1;;;;1;;;;1;;;;;;;;;;;;1
Brian Rinker ;313645;"1902861867
";;;;;1;;;;;;;;;1;1;;1;1;;;;;;;1;1
Desirae M Mckee;742121;1316156284;;;;;1;1;;;;;;;;;;;;;;;;;;;;
Brendan J MacKay;1020695;1083805758;;;;;1;1;;;;;;;;;;;;;;;;;;;;
John V. Ingari;199326;1396765517;;;;;1;;;;;1;;;;;;;;1;;;;;;;1;1
Leon J Nesti;92715;1053428854;;;;;1;;;;;1;;;;;;;;;;;;;;;;
Mickey S. Cho;217589;1811002348;;;;;1;;;;;1;;;;;;;;;;;;;;;1;1
Ian Lee Valerio;173436;1811199888;;;;;1;;;;;;;;;;;;;;;;;;;;;
Dennis S Kao;598887;1265503619;;;;;1;1;;;;;;;;;;;;;;;;;;;;
Yasser El-Sheikh;;;;;;;1;;;;;;;;;;;;;;;;;;;;;
Renata V. Weber;217660;1790855815;;;;;1;;;;;1;;;;1;;;;;;;;;;;1;1
Jaimie T Shores;43958;1972705663;;;;;1;;;;;1;;;;;;;;;;;;;;;;
Wesley P Thayer;632902;1477647220;;;;;1;1;;;;1;;;;1;;;1;1;;;;;;;;
Wojciech H Przylecki;65225;1447338959;;;;;1;;;;;;;;;;;;;;;;;;;;;
Harry A Hoyen;60451;1326140021;;;;;1;1;;;;;;;;;;;;;;;;;;;;
Risal Djohan;339222;1477517183;;;;;;;1;;;;;;;;;;;;;;;;;;;
Isis Scomacao;2777024;1699227967;;;;;;;1;;;;;;;;;;;;;;;;;;;
Rebecca Knackstedt;7231860;1679967715;;;;;;;1;;;;;;;;;;;;;;;;;;;
Cagri Cakmakoglu;5705010;1053852566;;;;;;;1;;;;;;;;;;;;;;;;;;;
Stephen R Grobmyer;154873;1407891062;;;;;;;1;;;;;;;;;;;;;;;;;;;
Alexander Lauder ;7217144;1942575139;;;;;;;;1;;;;;;;;;;;;;;;;;;
Nadia Rbia;;;;;;;;;;;1;;;;;;;;;;;;;;;;;
Liselotte F Bulstra;;;;;;;;;;;1;;;;;;;;;;;;;;;;;
Tiam M Saffari;;;;;;;;;;;1;;;;;;;;;;;;;;;;;
Steven E R Hovius;;;;;;;;;;;1;;;;;;;;;;;;;;;;;
Alexander Y Shin;208295;1609849298;;;;;;;;;1;;;;;;;;;;;;;;;;;
Sami H Tuffaha;987934;1922398866;;;;;;;;;;;1;;;;;;;;;;;;;;;
Jesse D Meaike;4209839;1164956728;;;;;;;;;;;1;;;;;;;;;;;;;;;
Steven L Moran;120090;1649259557;;;;;;;;;;;1;;;;;;;;;;;;;;;
John R Zuniga;162742;1588660856;;;;;;;;;;;;1;;;;;;;1;;;;;;;
Fayette Williams;145489;1215130810;;;;;;;;;;;;1;;;;;;;;;;;;;;
Daniel Petrisor;853688;1235332834;;;;;;;;;;;;1;;;;;;;;;;;;;;
Jason Ko ;374982;1417145152;;;;;;;;;;;;;;1;;;1;;;;;;;;;
James P Higgins ;324335;1144284357;;;;;;;;;;;;;;;1;;;;;;;;;;;
S Houston Payne Jr;37055;1811913643;;;;;;;;;;;;;;;1;;;;;;;;;;;
E F Shaw Wilgis;;;;;;;;;;;;;;;;;1;;;;;;;;;;;
David Salomon;1398000;1639457898;;;;;;;;;;;;;;;;1;;;;;;;;;;
Michael Miloro;944939;1437100856;;;;;;;;;;;;;;;;1;;;;;;;;;;
Antonia Kolokythas;932649;1992842793;;;;;;;;;;;;;;;;1;;;;;;;;;;
Dmitry Tuder ;271913;1992779292;;;;;;;;;;;;;;;;;1;;;;;;;;;
Scott Duncan;924733;1720063837;;;;;;;;;;;;;;;;;;;;1;;;;;;
Ryosuke Kakinoki;;;;;;;;;;;;;;;;;;;;;;1;;;;;;
Marco Rizzo;23830;1255310421;;;;;;;;;;;;;;;;;;;;1;;;;;;
William Kang;5701132;1518302462;;;;;;;;;;;;;;;;;;;;1;;;;;;
Yang Guo;;;;;;;;;;;;;;;;;;;;;;;1;;;;;
Gary Chen;83167;1831123934;;;;;;;;;;;;;;;;;;;;;1;;;;;
Guanglei Tian;;;;;;;;;;;;;;;;;;;;;;;1;;;;;
Carla Tapia;;;;;;;;;;;;;;;;;;;;;;;1;;;;;
John S Taras;168988;1720015308;;;;;;;;;;;;;;;;;;;;;;1;;;;
Nirav Amin;112106;1477714665;;;;;;;;;;;;;;;;;;;;;;1;;;;
Nimit Patel;361080;1952664740;;;;;;;;;;;;;;;;;;;;;;1;;;;
Lucy A McCabe;;;;;;;;;;;;;;;;;;;;;;;;1;;;;
Mohammed S Erakat;176498;1891963666;;;;;;;;;;;;;;;;;;;;;;;1;;;
Sung-Kiang Chuang;;;;;;;;;;;;;;;;;;;;;;;;;1;;;
Rabie M Shanti;82563;1811202633;;;;;;;;;;;;;;;;;;;;;;;1;;;
Vincent B Ziccardi;1101637;1942262548;;;;;;;;;;;;;;;;;;;;;;;1;;;
Yerko A Berrocal;;;;;;;;;;;;;;;;;;;;;;;;;;1;;
Vania W Almeida;;;;;;;;;;;;;;;;;;;;;;;;;;1;;
Allan D Levi;334995;1386608016;;;;;;;;;;;;;;;;;;;;;;;;1;;
Jerome D. Chao;247596;1467474866;;;;;;;;;;;;;;;;;;;;;;;;;1;1
Darrell Brooks;;;;;;;;;;;;;;;;;;;;;;;;;;;1;1
Michael R Robichaux;47013;1033167325;;;;;;;;;;;;;;;;;;;;;;;;;;1
Sebastian B Ruggeri;816336;1922076090;;;;;;;;;;;;;;;;;;;;;;;;;;1
Kurt A Anderson;1232897;1548251085;;;;;;;;;;;;;;;;;;;;;;;;;;1
Ekkehard E Bonatz;188548;1164470381;;;;;;;;;;;;;;;;;;;;;;;;;;1
Scott M Wisotsky;241381;1316961451;;;;;;;;;;;;;;;;;;;;;;;;;;1
Christopher Wilson;;;;;;;;;;;;;;;;;;;;;;;;;;;;1
Ellis O Cooper;73245;1619036951;;;;;;;;;;;;;;;;;;;;;;;;;;1
Brian M Parrett;46024;1023196557;;;;;;;;;;;;;;;;;;;;;;;;;;1
